mlbam_id,full_name
680911,Owen Miller
669242,Tommy Edman
642239,Rob Zastryzny
676914,Davis Schneider
702332,Caleb Durbin
701552,Andre Granillo
621242,Edwin Díaz
670032,Nicky Lopez
664040,Brandon Lowe
596001,Jakob Junis
593576,Héctor Neris
445926,Jesse Chavez
696100,Hunter Goodman
608337,Lucas Giolito
658668,Edward Olivares
683227,Cody Freeman
641796,Tim Locastro
695670,Harry Ford
665871,Javier Assad
694192,Jackson Chourio
672569,Gustavo Campero
680694,Kyle Bradish
665828,Oswaldo Cabrera
670183,Garrett Acton
677951,Bobby Witt
605513,Spencer Turnbull
608385,Jesse Winker
694680,Trevor Martin
621550,Patrick Wisdom
668952,Ryan Kreidler
676979,Garrett Crochet
687931,Carson Whisenhunt
669093,Jeremiah Estrada
663362,Matt Waldron
692225,Kristian Campbell
593958,Eduardo Rodríguez
621051,Steven Wilson
592351,Jon Gray
695034,Kade Morris
668939,Adley Rutschman
572204,Trayce Thompson
605280,Clay Holmes
700932,Kyle Manzardo
592450,Aaron Judge
607732,Jacob Stallings
656271,Brock Burke
641386,Ben Bowden
663457,Lars Nootbaar
680723,Drew Rom
518934,Dj Lemahieu
695445,Chase Lee
656577,Alex Jackson
666619,Gregory Santos
671655,George Valera
694671,Wyatt Langford
593871,Jorge Polanco
680735,Austin Cox
691548,Rolddy Muñoz
672386,Alejandro Kirk
608701,Rob Refsnyder
701305,Zach Dezenzo
675650,Michael Mercado
682995,Hunter Barco
808963,Roki Sasaki
670224,Kameron Misner
656413,Stuart Fairchild
669467,Andre Pallante
680604,Blas Castano
689266,Dylan Dodd
676059,Jordan Westburg
696519,Samy Natera
596295,Austin Gomber
664954,Brett Sullivan
701162,Ben Malgeri
642136,Matt Thaiss
669302,Logan Gilbert
657656,Ramón Laureano
669194,Ryne Nelson
692285,Luis Guerrero
663765,Jake Woodford
680802,Ryan Weiss
666277,George Soriano
668674,Lucas Erceg
687066,Eric Yang
683627,Anthony Molina
620454,José Castillo
805249,Otto Kemp
607259,Nick Martínez
477132,Clayton Kershaw
612434,Miguel Castro
668715,Spencer Steer
670036,Matt Festa
621035,Chris Taylor
679922,Carlos Duran
571510,Matt Boyd
695734,Daylen Lile
807743,Sean Sullivan
685301,Matt Gorski
694025,Felix Reyes
671109,Jake Eder
625643,Reynaldo López
686676,Korey Lee
694360,Beck Way
681715,Heriberto Hernandez
656529,Sam Hentges
666198,Carter Kieboom
702284,Cole Young
657088,Forrest Wall
673513,Yuki Matsui
671056,Iván Herrera
621139,Brooks Kriske
680716,Jonathan Ornelas
650911,Cristopher Sánchez
605353,Vimael Machín
663878,Nate Pearson
656730,Trevor Megill
624414,Christian Arroyo
688760,Blaine Crim
657265,Peter Strzelecki
666310,Bo Naylor
686681,Michael Massey
676572,Eric Wagaman
666185,Dylan Carlson
702616,Jackson Holliday
666703,Eguy Rosario
686531,Andre Lipcius
666969,Adolis García
665833,Oneil Cruz
679631,Terrin Vavra
681911,Alex Vesia
650333,Luis Arráez
680951,Doug Nikhazy
516782,Starling Marte
676961,Caleb Boushley
686642,Fraser Ellard
605507,Zach Thompson
687589,Dom Hamel
682769,Eiberson Castellano
656288,Griffin Canning
663538,Nico Hoerner
663795,Justin Hagenman
693313,Carson Seymour
672021,Eric Cerantola
681035,Christian Scott
808982,Jung Hoo Lee
663993,Nathaniel Lowe
689981,River Ryan
620443,Luis Torrens
681751,Lazaro Estrada
694388,Joey Loperfido
805672,Collin Price
624585,Jorge Soler
605288,Adrian Houser
683175,Connor Phillips
694876,Cooper Ingle
687401,Joey Ortiz
691172,Yosver Zulueta
621363,Colin Poche
680737,Michael Helman
542303,Marcell Ozuna
668941,Jojo Romero
668901,Mark Vientos
621074,Michael Rucker
643376,Danny Jansen
493603,Adam Ottavino
672012,Tyler Black
667297,Tommy Nance
622250,Josh Sborz
606996,Kyle Hart
519326,Hunter Strickland
609280,Miguel Andújar
701350,Roman Anthony
668853,Austin Shenton
677944,Slade Cecconi
808959,Munetaka Murakami
607625,Seth Lugo
829272,Shinnosuke Ogasawara
691783,Jordan Lawlar
608841,Joey Meneses
676105,Jeff Criswell
605170,Víctor Caratini
686527,Dominic Canzone
681867,Cooper Criswell
547179,Michael Lorenzen
823550,Sung Mun Song
664770,Nathan Lukes
575929,Willson Contreras
695243,Mason Miller
471911,Carlos Carrasco
680767,Victor Vodnik
693409,César Prieto
695020,Tanner Murray
665152,Dean Kremer
676632,Bligh Madris
677942,Blaze Alexander
621237,José Alvarado
681217,Chase Silseth
621345,A. J. Minter
641154,Pablo López
657097,Jacob Webb
592178,Kris Bryant
621097,Jacob Waguespack
547184,Michael Kelly
641793,Zack Littell
666801,Rodolfo Castro
672016,Denzel Clarke
543309,Kyle Higashioka
663465,Kolby Allard
820862,José Fermin
670950,Trevor Richards
669373,Tarik Skubal
543101,Anthony Desclafani
592094,Jason Adam
686217,Sal Frelick
680718,Addison Barger
686753,Drey Jameson
680701,John Rooney
641511,Jason Delay
642585,Félix Bautista
670871,Guillo Zuñiga
675911,Spencer Strider
605177,Andrew Chafin
680700,Richie Palacios
691728,Zac Veen
547001,Cody Poteet
694377,Nick Yorke
687985,Josh White
691008,Max Rajcic
666160,Mickey Moniak
645277,Ozzie Albies
666152,David Hamilton
623205,Andrew Velazquez
670869,Livan Soto
691016,Tyler Soderstrom
650556,Bryan Abreu
630105,Jake Cronenworth
579328,Yusei Kikuchi
624522,Keegan Thompson
434378,Justin Verlander
660896,Jorge Alcalá
656638,Alex Lange
685112,Zach Mccambley
703607,Henry Bolte
678368,Valente Bellozo
686610,Ken Waldichuk
681190,Randy Vásquez
693304,Nick Gonzales
676467,Colton Gordon
623465,Evan Phillips
623993,Anthony Santander
805999,A. J. Ewing
702674,Caden Dana
676113,Zach Deloach
677595,Ronny Mauricio
702281,Robby Snelling
642350,José Siri
679775,Kyle Backhus
592848,Zack Weiss
676775,Keaton Winn
701678,Hao-Yu Lee
670764,Taylor Walls
664285,Framber Valdez
682818,Yohendrick Pinango
642137,Cody Thomas
682254,Mason Montgomery
671976,Tristan Peters
554431,Tyler Matzek
805673,Zebby Matthews
656775,Cedric Mullins
690993,Colt Keith
676395,Robert Garcia
605182,Mike Clevinger
695508,Cameron Cauley
671131,Jackson Rutledge
687221,Dalton Rushing
663738,Daniel Lynch
543518,Scott Mcgough
695534,Chase Petty
694376,Shay Whitcomb
607680,Kevin Pillar
660271,Shohei Ohtani
669127,Shea Langeliers
676130,José Buttó
807727,Charles Mcadoo
592254,José De León
489119,Wade Miley
664849,Danny Young
691620,Jeferson Quero
672578,Carlos Hernández
621112,Paul Blackburn
672279,Michael Siani
570560,Yolmer Sánchez
801216,Christian Montes De Oca
808975,Hyeseong Kim
689690,Alek Jacob
606115,Orlando Arcia
694249,Cole Carrigg
683002,Gunnar Henderson
801434,Paul Gervase
641555,J. C. Escarra
657757,Gavin Sheets
678577,Junior Perez
693855,Ian Seymour
571875,Jake Lamb
679822,Justin Foscue
573204,Caleb Thielbar
641778,Eric Lauer
518595,Travis D'Arnaud
669298,Tj Shook
656941,Kyle Schwarber
641941,Emilio Pagán
669330,Tyler Wells
693433,Bryan Woo
682990,Quinn Priester
666215,Forrest Whitley
690990,Cade Horton
686730,Carson Spiers
676272,Bobby Miller
677941,Jordyn Adams
685005,Christian Roa
702176,Alan Roden
696522,Hayden Juenger
675915,David Bañuelos
518692,Freddie Freeman
543766,Bryan Shaw
691026,Masyn Winn
650907,René Pinto
678692,Ronny Henriquez
641962,Cd Pelham
678316,Omar Cruz
692024,Alex Carrillo
624513,Dom Nuñez
684007,Shota Imanaga
672442,Yovanny Cruz
665804,Miguel Amaya
687859,Troy Johnston
643217,Andrew Benintendi
641682,Ryan Hendrix
669234,Justyn-Henry Malloy
641871,Keynan Middleton
696131,Mason Black
683011,Anthony Volpe
607455,Anthony Banda
689041,Rhylan Thomas
694973,Paul Skenes
671111,Sammy Peralta
664062,Tony Gonsolin
663623,Jake Irvin
668723,Ryan Vilade
666168,Mason Thompson
668752,Duke Ellis
689441,Coleman Crow
552640,Andrew Kittredge
669256,Nick Solak
664208,Phil Maton
542888,Shawn Armstrong
671345,Jason Foley
700337,Edgar Quero
608718,Brent Suter
670167,John Schreiber
681806,Andrew Wantz
677958,Kumar Rocker
592325,Ben Gamel
687911,Bryan King
669391,Owen White
656234,Jake Bird
643511,Tyler Rogers
592779,Brock Stewart
663989,Nick Vespi
686765,Nick Sogard
500743,Miguel Rojas
663474,Triston Mckenzie
681916,Dylan Smith
641355,Cody Bellinger
702303,Riley Martin
672515,Gabriel Moreno
671305,Michel Otañez
621043,Carlos Correa
665660,Elvis Alvarado
660261,Shintaro Fujinami
676254,Ryan Walker
669674,Sam Long
642708,Amed Rosario
701538,Jackson Merrill
643361,Kevin Herget
656686,Corbin Martin
595014,Blake Treinen
681982,Grant Anderson
594027,Tyron Guerrero
675919,Nick Raquet
675512,Troy Melton
675448,Blake Hunt
622608,Antonio Senzatela
685744,Kenedy Corona
676596,Josh Fleming
668834,Easton Mcgee
687166,Austin Pope
554340,Yimi García
605463,Tayler Scott
683155,Joey Estes
655889,Manuel Rodríguez
805904,Zach Cole
665966,Carlos Narváez
668800,Andrew Knizner
681584,David Villar
650391,Eloy Jiménez
673540,Kodai Senga
622780,Ángel Perdomo
669004,Mj Melendez
657006,Justin Steele
665487,Fernando Tatís
669203,Corbin Burnes
622503,Nabil Crismatt
606303,Joel Payamps
663568,Stephen Kolek
571948,Hoby Milner
668670,Jake Rogers
642100,Gabe Speier
687551,Drew Gilbert
608348,Carson Kelly
690953,Mick Abel
663647,Ke'Bryan Hayes
606930,Jacob Barnes
687531,William Kempner
689225,Beau Brieske
521230,Liam Hendriks
686475,Tyler Tolbert
518585,Fernando Cruz
657612,Tim Hill
680704,Nick Sandlin
680755,Braydon Fisher
663542,Bryan Hudson
663624,Ryan Mountcastle
544150,Albert Suárez
682868,Bryan Ramos
500779,Jose Quintana
676510,Nolan Hoffman
661388,William Contreras
595453,Chad Wallach
682515,Logan Porter
642546,Jonathan Hernández
694363,Jared Shuster
516853,Wilking Rodríguez
703492,Nick Morabito
642201,Eli White
687606,Paxton Schultz
641482,Néstor Cortés
656876,Drew Rasmussen
669222,Nick Senzel
688138,Logan Evans
666214,Joey Wentz
664139,Ian Gibaut
608032,Carlos Estévez
687570,Connor Prielipp
663743,Nick Fortes
670912,Johan Oviedo
656222,Jalen Beeks
687922,Easton Lucas
669270,Joel Kuhnel
663368,Blake Perkins
592669,Hunter Renfroe
681869,Shawn Dubin
681546,James Outman
689818,David Sandlin
676050,Packy Naughton
571448,Nolan Arenado
701474,Duncan Davitt
593974,Wandy Peralta
686973,Louis Varland
656546,Jeff Hoffman
669358,Shane Baz
624133,Ranger Suarez
689546,Nick Davila
642216,Allan Winans
701519,Travis Adams
675961,Alika Williams
641401,Connor Brogdon
545121,Ildemaro Vargas
803011,Sam Antonacci
688642,Zach Agnos
688883,Peyton Pallette
663611,Nick Madrigal
668663,Tres Barrera
614173,Franchy Cordero
605218,Carl Edwards
685314,Andrew Saalfrank
663898,Brendan Rodgers
695380,Alex Hoppe
669016,Brandon Marsh
664123,Scott Effross
660710,Rodolfo Durán
681297,Colton Cowser
680869,Zack Gelof
605347,Jorge López
669145,Bruce Zimmermann
682144,Jayvien Sandridge
681393,Connor Norby
656557,Tanner Houck
682634,Kevin Alcántara
687798,Nick Robertson
686294,Amos Willingham
696270,Ryan Johnson
678489,Jorge Barrosa
592518,Manny Machado
691951,Sam Aldegheri
669200,Mason Mccoy
573262,Mike Yastrzemski
702153,Brian Fitzpatrick
691781,Brady House
669384,Raynel Delgado
660634,Yonny Hernández
699393,Pedro Ramírez
650402,Gleyber Torres
592662,Robbie Ray
695681,Christian Moore
594835,Marco Gonzales
660761,José Suarez
669369,Bryce Johnson
678894,Liover Peguero
657053,Touki Toussaint
669387,Carmen Mlodzinski
676609,José Caballero
676439,Hunter Feduccia
678554,Curtis Mead
691277,Deyvison De Los Santos
670242,Matt Wallner
683766,Christian Koss
670955,Edwin Uceta
663423,Trent Thornton
660787,Yerry De Los Santos
681151,Jayden Murray
680574,Matt Mclain
669923,George Kirby
701852,Drew Cavanaugh
607200,Erick Fedde
675659,Greg Jones
804668,Rafael Flores
682967,Devin Sweet
657376,Clarke Schmidt
519141,Drew Pomeranz
802415,Chandler Simpson
621439,Byron Buxton
641835,Tim Mayza
669364,Xavier Edwards
671277,Luis García
668751,Cal Mitchell
687330,Kevin Kelly
678662,Ezequiel Tovar
542208,Carlos Pérez
656353,Tucker Davidson
805367,Chase Meidroth
621121,Lance Mccullers
701762,Nick Kurtz
664068,Scott Kingery
674072,Tommy Henry
656924,Ryder Ryan
656232,Brandon Bielak
806188,Cade Gibson
680779,Henry Davis
683004,Jack Leiter
640902,Jhonny Pereda
675540,Xzavion Curry
641427,Alan Busenitz
802686,Hayden Harris
663969,Tyler Phillips
671289,Tyler Freeman
664353,José Urquidy
694297,Brandon Pfaadt
621057,Justin Garza
683079,Omar Martinez
689149,Chad Dallas
605540,Brandon Woodruff
685326,Mccade Brown
680729,Garrett Mcdaniels
592273,Brandon Drury
676480,José Barrero
676917,Cade Cavalli
701121,Logan Vanwey
669735,Chris Rodriguez
663897,Luke Williams
666134,Nolan Jones
676684,Will Vest
663559,Bailey Falter
690925,Clayton Beeter
681807,David Fry
681962,Vinny Capra
663455,Konnor Pilkington
672275,Patrick Bailey
671737,Taj Bradley
677587,Brayan Rocchio
669304,José Miranda
592206,Nick Castellanos
682227,Brandon Williamson
660730,Elvin Rodríguez
805811,Bryce Eldridge
650859,Luis Rengifo
669701,Josh Smith
666150,Dominic Fletcher
682243,Bryce Miller
690155,Matt Pushard
813349,Connelly Early
681810,Austin Warren
607074,Carlos Rodón
622569,Pablo Reyes
687282,Gabriel Rincones
670280,David Bednar
676617,Riley O'Brien
671083,Buddy Kennedy
676356,Jonny Deluca
671096,Andrew Abbott
622379,Luis Castillo
664034,Ty France
663574,Tony Santillan
642086,Dominic Smith
640448,Kyle Finnegan
670810,Logan Gillaspie
675660,Shane Drohan
680702,Joey Gerber
670042,Luke Raley
628452,Raisel Iglesias
671106,Logan Allen
686948,Drake Baldwin
669236,Jeremiah Jackson
545341,Randal Grichuk
592717,Aaron Sanchez
669911,Michael Toglia
680730,Mitchell Parker
542881,Tyler Anderson
703615,Jose Cabrera
682842,Abner Uribe
666023,Freddy Fermin
608638,J. T. Chargois
655316,Andruw Monasterio
681508,Mickey Gasper
800050,Chase Delauter
605154,John Brebbia
699911,Dugan Darnell
687849,Zak Kent
676702,Hunter Stratton
682052,Jacob Lopez
669422,Matt Sauer
680736,Justin Wrobleski
641645,Luis Guillorme
676391,Ernie Clement
669371,Cole Henry
668974,Maverick Handley
664854,Ryan Helsley
695076,Rhett Lowder
656180,Riley Adams
683742,Jose Franco
660853,Enyel De Los Santos
677053,Andrew Nardi
666711,Joel Peguero
687093,Vaughn Grissom
696136,Jordan Wicks
663687,Hogan Harris
691019,Kyle Teel
700669,Gordon Graceffo
694203,Denzer Guzman
805347,Jim Jarvis
669357,Nolan Gorman
670766,Darren Mccaughan
571578,Patrick Corbin
641329,Bryan Baker
807799,Masataka Yoshida
682989,Victor Mederos
571771,Enrique Hernández
673548,Seiya Suzuki
608723,Austin Voth
805300,Jakob Marsee
695490,Edwin Arroyo
573124,Taylor Rogers
815873,Sean Keys
506433,Yu Darvish
660757,Oscar González
641743,Anthony Kay
680769,Cj Alexander
669618,Joe Barlow
650644,Aaron Civale
666464,Jerar Encarnacion
674841,Andrew Alvarez
663978,Chris Paddack
666745,Jhony Brito
802139,Jj Wetherholt
702275,Jr Ritchie
686668,Brenton Doyle
596112,Robert Stephenson
519008,T. J. Mcfarland
694359,Niko Kavadas
682790,Wikelman González
676263,Jack Dreyer
571760,Andrew Heaney
693645,Cam Schlittler
682825,Luis Mey
664294,Dauri Moreta
687888,Brandon Walter
605400,Aaron Nola
678024,Mike Vasil
814439,Ryan Waldschmidt
683679,Jesus Rodriguez
806198,Cooper Pratt
694514,Sterlin Thompson
669326,Bryce Teodosio
623474,Jimmy Herget
686580,Justin Slaten
650490,Yandy Díaz
453286,Max Scherzer
686249,Nathan Wiles
664238,Dylan Moore
691946,George Klassen
682928,Cj Abrams
683618,Edgardo Henriquez
690987,Robert Hassell
571970,Max Muncy
668909,Gavin Williams
693821,Bryce Elder
641907,Patrick Murphy
663992,Richard Lovelady
685068,Carson Ragsdale
667670,Brent Rooker
691587,Eury Pérez
689296,Anthony Nunez
676571,Pj Poulin
679885,Justin Martinez
672359,Tirso Ornelas
467793,Carlos Santana
683068,Zach Penrod
642851,Austin Wynns
800048,Parker Messick
641857,Ryan Mcmahon
695600,Carter Jensen
669208,Ryan Bliss
686452,Drew Millas
570632,José Ureña
660604,Alan Rangel
677950,Alek Thomas
571946,Shelby Miller
685299,Tanner Gordon
686701,Ryan Bergert
592426,Luke Jackson
687134,Bradley Blalock
657585,Reed Garrett
671212,Joe Boyle
686751,Seth Johnson
664702,Myles Straw
689172,Brett Wisely
689017,Landon Knack
657756,Connor Seabold
691011,Drew Romo
592696,Eddie Rosario
570482,Gio Urshela
694819,Jacob Misiorowski
670541,Yordan Álvarez
669372,J. T. Ginn
502671,Paul Goldschmidt
668804,Bryan Reynolds
694384,Nolan Schanuel
656308,Michael Chavis
668984,Casey Legumina
668845,Aaron Schunk
663886,Tyler Stephenson
664351,Luis Contreras
804606,Konnor Griffin
692030,Jose Corniell
694371,Tommy Troy
596133,Luke Weaver
666158,Gavin Lux
673237,Yainer Diaz
678394,Brayan Bello
663558,Jovani Morán
665161,Jeremy Peña
640458,Óscar Mercado
694497,Evan Carter
670223,Matt Mervis
663432,Tanner Rainey
681402,Gus Varland
678821,Luis Peralta
642180,Tyler Wade
691799,Grant Taylor
621458,Edwin Ríos
502054,Tommy Pham
518792,Jason Heyward
676534,Calvin Faucher
642759,Julian Fernández
667472,Dane Myers
676282,Joey Cantillo
656976,Pavin Smith
607192,Tyler Glasnow
596271,Casey Lawrence
671155,Ivan Johnson
676760,Ron Marinaccio
656986,Bennett Sousa
699151,Jedixson Paez
675848,Juan Mejia
676694,Jake Meyers
811965,Joshua Kuroda-Grauer
682988,Tyler Locklear
660766,Juan Yepez
805373,Nacho Alvarez
672761,Wenceel Pérez
670351,José Rojas
669722,Logan Davidson
672580,Maikel García
622554,Seranthony Domínguez
801139,Payton Tolle
642547,Freddy Peralta
806068,Colt Emerson
702021,Will Dion
670329,Rico Garcia
678606,José Ferrer
695418,Brad Lord
810938,Ben Williamson
663773,Bryan Hoeing
669212,Eli Morgan
668472,Nick Pratto
623149,Paul Sewald
682657,Angel Martínez
682626,Francisco Álvarez
686752,Ryan Pepiot
676879,Aaron Ashby
663567,Peter Lambert
605483,Blake Snell
608369,Corey Seager
657044,Ryan Thompson
699008,Antwone Kelly
804267,Zach Thornton
691907,Tsung-Che Cheng
702222,Justin Crawford
624512,Reese Mcguire
662139,Daulton Varsho
676568,Ricky Vanasco
806960,Luis Morales
669060,Bryse Wilson
689147,Orion Kerkering
685107,Anthony Veneziano
664141,Jt Brubaker
670102,Bowden Francis
669720,Austin Hays
681343,Shane Smith
641933,Tyler O'Neill
592885,Christian Yelich
699013,Esmerlyn Valdez
687799,Cade Marlowe
686747,Joe La Sorsa
645444,José Herrera
681432,Luke Little
672282,Reid Detmers
681168,Luis Curvelo
664126,Pete Fairbanks
802419,Tom Harrington
678218,Brandon Valenzuela
650489,Willi Castro
690829,Ben Joyce
666163,Ben Rortvedt
682120,Tim Herrin
669199,Lake Bachar
621366,Ryan Borucki
621107,Zach Eflin
676969,Brett De Geus
663485,Cole Sands
607179,Jordan Weems
656811,Ryan O'Hearn
641487,J. P. Crawford
607208,Trea Turner
683090,Matthew Lugo
669020,Ryan Rolison
663372,Ryan Feltner
678545,Osleivis Basabe
680474,Max Schuemann
664299,Cristian Javier
608665,Kendall Graveman
666661,Juan Morillo
572233,Christian Walker
700712,Walbert Ureña
669308,Sean Reynolds
657077,Alex Verdugo
573009,Joe Mantiply
642215,Weston Wilson
669724,Brenan Hanifee
681006,Josh Simpson
608717,Chris Stratton
677592,Everson Pereira
677952,Braxton Ashcraft
669717,Will Wilson
664731,P. J. Higgins
621006,Richie Martin
681909,Justin Dean
668390,Cole Winn
572191,Michael Taylor
656257,Jeff Brigham
607481,Aaron Bummer
667755,José Soriano
622761,Jorge Mateo
691176,Jasson Domínguez
545358,Max Stassi
596117,Garrett Stubbs
665926,Andrés Giménez
607536,Kyle Freeland
667463,John King
676051,Codi Heuer
594902,Ben Lively
668930,Brice Turang
666201,Alek Manoah
657136,Connor Wong
622256,Patrick Weigel
642207,Devin Williams
677800,Wilyer Abreu
700187,Troy Taylor
699823,Tyler Davis
543877,Christian Vázquez
700413,Tyler Uberstine
683953,Travis Bazzana
669699,Braden Shewmake
656420,J. P. Feyereisen
665953,Andrés Chaparro
672391,Kaleb Ort
669707,Jared Triolo
541640,Erasmo Ramírez
663158,Robert Suarez
663462,Isaiah Campbell
668943,Ryan Miller
837227,Tatsuya Imai
668904,Royce Lewis
682985,Riley Greene
687231,Darell Hernaiz
677955,Jaden Hill
691594,Javier Sanoja
702352,Spencer Bivens
676701,Alan Trejo
518886,Craig Kimbrel
669360,Trei Cruz
681799,Ethan Roberts
683748,Victor Mesa
666374,Matt Brash
672642,Steward Berroa
688107,Robert Gasser
666126,Carlos Cortes
691945,Carter Baumler
696285,Jacob Young
600917,José Leclerc
519317,Giancarlo Stanton
663604,Brandon Lockridge
694397,Marco Raya
656731,Tylor Megill
644433,Chadwick Tromp
624641,Edmundo Sosa
578428,Jose Iglesias
700241,Michael Mcgreevy
802408,Brycen Mautz
666139,Josh Lowe
669193,Jack Little
642016,Daniel Robert
680837,Ryan Fitzgerald
656212,Charlie Barnes
700250,Ben Rice
642232,Ryan Yarbrough
672356,Gabriel Arias
519151,Ryan Pressly
681624,Andy Pages
656641,Jacob Latz
656820,Nicholas Padilla
641313,Tim Anderson
701358,Cam Smith
689254,Mason Fluharty
691094,Randy Wynne
682175,Joe Jacques
624424,Michael Conforto
671732,Lawrence Butler
695731,Braden Montgomery
687749,Jase Bowen
650559,Bryan De La Cruz
693312,Kyle Nicolas
624415,Cavan Biggio
696030,Alejandro Osuna
650968,Yohel Pozo
665795,Edward Cabrera
666624,Christopher Morel
677651,Luis García
622786,Jesús Tinoco
656818,Connor Overton
667452,Corey Julks
665645,Kervin Castro
686555,Isaac Collins
694795,Josh Ekness
650960,Daniel Duarte
680573,Simeon Woods Richardson
672724,Oswald Peraza
621466,Dj Stewart
663321,Nick Hernandez
693307,Dillon Dingler
605138,Wes Benjamin
543510,James Mccann
681857,Reese Olson
489446,Kirby Yates
647315,Zach Pop
678246,Miguel Vargas
666397,Edouard Julien
661395,Jhoan Durán
680776,Jarren Duran
687396,Brent Headrick
681252,Jack Anderson
448179,Rich Hill
680577,Dashawn Keirsey
641755,Tyler Kinley
646240,Rafael Devers
676680,Tom Cosgrove
692585,Yanquiel Fernández
676679,Luis Vázquez
670231,John Rave
693686,Spencer Miles
805427,Drew Sommers
678391,Jorbit Vivas
622088,Tejay Antone
664192,Joey Lucchesi
674944,Sean Guenther
506702,Sandy León
608372,Tomoyuki Sugano
687562,Jake Bennett
806185,Hayden Birdsong
669289,Santiago Espinal
691785,Marcelo Mayer
668716,Noah Murdock
687529,Grant Mccray
670092,Trenton Brooks
622491,Luis Castillo
640492,José Azócar
687462,Spencer Horwitz
647336,Michael Soroka
664875,Justin Lawrence
669459,Kyle Nelson
680777,Ryan Jeffers
646242,Jhonathan Díaz
669261,Jack Suwinski
683357,Owen Caissie
643410,Mark Leiter
641680,Jonah Heim
669395,Dylan Coleman
650671,José Quijada
592663,J. T. Realmuto
690976,Alex Freeland
682610,Roddery Muñoz
691182,Adael Amador
694851,Andrew Hoffmann
680916,Franco Aleman
694362,Blake Dunn
595345,Steven Okert
534910,Jesse Hahn
607067,Colin Rea
684974,Craig Yoho
688497,Taylor Rashi
666142,Cole Ragans
686654,Ty Adcock
621199,Matthew Bowman
701675,Nathan Church
694374,Tim Tawa
673965,Caleb Freeman
687721,Cameron Weston
656849,David Peterson
571927,Steven Matz
666176,Jo Adell
677594,Julio Rodríguez
691740,Daniel Susac
680757,Steven Kwan
677976,Randy Dobnak
691441,Cristian Mena
691720,Kyle Karros
664913,Seth Brown
656848,Michael Petersen
664056,Harrison Bader
682729,Jonatan Clase
677943,Will Banfield
621389,Ty Blach
664761,Alec Bohm
669622,Anthony Bender
543391,Casey Kelly
691023,Jordan Walker
687263,Zach Neto
663366,Beau Burrows
682877,Juan Brito
687765,Mitch Spence
640454,Matt Krook
642048,Tayler Saucedo
701807,Carson Benge
641343,Jake Bauers
683000,Riley Cornelio
656484,Tristan Gray
664918,Kyle Keller
687209,Zach Maxwell
681146,Jonah Bride
642121,Cole Sulser
666200,Jesús Luzardo
682445,Domingo Gonzalez
682987,Spencer Jones
690984,Petey Halpin
682073,David Hensley
691769,Philip Abner
676440,Tanner Bibee
641302,Tyler Alexander
663586,Austin Riley
699912,Jose Fernandez
592836,Taijuan Walker
701487,Pierson Ohl
696062,Wilber Dotel
702358,Trey Lipscomb
695684,Elmer Rodriguez
621111,Walker Buehler
650895,Diego Castillo
649966,Luis Urías
669449,Jake Palisch
695578,James Wood
605130,Scott Barlow
664670,Alejo López
674384,Eduarniel Núñez
702056,Trey Yesavage
656240,Scott Blewett
676466,Jack Winkler
666364,Jordan Balazovic
686826,Bryce Jarvis
702273,Noah Schultz
656786,Parker Mushinski
690382,Michael Darrell-Hicks
621438,Tyrone Taylor
661563,Luis Gil
664874,Seby Zavala
573186,Marcus Stroman
666120,Ian Anderson
695549,Jackson Jobe
678882,Ceddanne Rafaela
666974,Yennier Cano
643446,Jeff Mcneil
691406,Junior Caminero
502043,Kyle Gibson
660844,Leo Rivas
622268,Donovan Walton
656620,Gabe Klobosits
682274,Yaramil Hiraldo
676369,Nelson Velázquez
694361,Will Klein
642701,Dennis Santana
672744,Alexander Canario
669721,Davis Daniel
660162,Yoán Moncada
677865,Justin Bruihl
807712,Luke Keaschall
691718,Pete Crow-Armstrong
700270,Yilber Díaz
678226,Daysbel Hernández
669062,Erik Miller
805299,Brandyn Garcia
682668,Luisangel Acuña
605447,Jordan Romano
657649,Jared Koenig
596142,Gary Sánchez
690928,Hunter Dobbins
673380,Dedniel Núñez
623211,Huascar Brazobán
688363,Graham Pauley
543135,Nathan Eovaldi
666159,Matt Manning
680880,Grant Holman
670770,Tj Friedl
680885,Spencer Schwellenbach
689200,Jacob Melton
641816,Tyler Mahle
663728,Cal Raleigh
594798,Jacob Degrom
641598,Mitch Garver
621512,Tomás Nido
665489,Vladimir Guerrero
671117,Darren Baker
663671,Nic Enright
676477,Garrett Whitlock
674444,Steven Cruz
665856,Jair Camargo
694224,Gabriel Gonzalez
543294,Kyle Hendricks
807747,Rikuu Nishida
695336,Thomas Saggese
650893,Génesis Cabrera
593423,Frankie Montas
572955,Pierce Johnson
670174,Josh Winckowski
669022,Mackenzie Gore
571945,Miles Mikolas
688297,Chris Roycroft
669392,Samad Taylor
518397,Scott Alexander
643565,Mike Tauchman
676475,Alec Burleson
641820,Trey Mancini
677161,Zack Kelly
686930,Mason Barnett
669374,Keston Hiura
669111,John Mcmillon
596019,Francisco Lindor
682982,Daniel Espino
668820,Max Kranick
665839,Enmanuel Valdez
656945,Tanner Scott
700363,Aj Smith-Shawver
640459,Brian Navarreto
605612,Harold Castro
682927,Ronny Simon
679845,Nick Loftin
670090,Wyatt Mills
657247,Brian O'Keefe
682171,Penn Murfee
670990,Yohan Ramírez
694341,Brendan Beck
668933,Graham Ashcraft
641927,Bailey Ober
642520,Gerson Garabito
592791,Jameson Taillon
663399,Brandon Waddell
683352,Mitch Bratt
669920,Jason Alexander
665506,Cristian Pache
669456,Shane Bieber
677960,Ryan Weathers
677870,Leo Jimenez
657514,Brennan Bernardino
493329,Yuli Gurriel
700246,Carson Williams
663436,Davis Martin
695391,Brett Harris
671284,Tim Elko
686563,Jonathan Cannon
662253,Andrés Muñoz
642727,Sergio Alcántara
622534,Manuel Margot
670276,Cal Stevenson
668873,Caleb Kilian
687287,Patrick Monteverde
621381,Matt Strahm
694355,Tyler Gentry
657024,Erik Swanson
642020,Chuckie Robinson
646241,Enmanuel De Jesus
694208,Moisés Ballesteros
594580,Sam Moll
690978,Dax Fulton
664744,Jose Espada
657746,Joe Ryan
687863,Porter Hodge
687074,Tyler Owens
663584,Hayden Senger
657277,Logan Webb
663947,Tyler Holton
595928,John Curtiss
668731,Akil Baddoo
686823,Will Brennan
472610,Luis García
687847,Marc Church
592866,Trevor Williams
605335,Brandon Leibrandt
668881,Hunter Greene
606160,Rafael Montero
672782,Yoendrys Gómez
694738,Landen Roupp
681676,Ryan Fernandez
663616,Trevor Larnach
668942,Josh Rojas
624428,Adam Frazier
676508,Ben Casparius
663941,Tristan Beck
595897,Nick Burdi
683769,Hunter Gaddis
691458,Blaze Jordan
643338,Chad Green
663757,Trent Grisham
695657,Colson Montgomery
527048,Martín Pérez
669477,Casey Schmitt
672582,Angel Zerpa
664948,Anthony Misiewicz
665861,Sebastián Rivero
669221,Sean Murphy
667690,C. J. Stubbs
622098,Drew Smith
543760,Marcus Semien
805808,Kevin Mcgonigle
682619,Orelvis Martinez
687075,Brandon Sproat
668970,Gavin Hollowell
686797,Brooks Lee
669713,Hayden Wesneski
699134,Bradgley Rodriguez
815083,Mitch Farris
605452,Joe Ross
543592,Austin Nola
521692,Salvador Pérez
677961,Cole Wilcox
543243,Sonny Gray
669620,Brady Basso
702474,Mike Paredes
681892,Kody Funderburk
676801,Chas Mccormick
680232,Jackson Wolf
543807,George Springer
804619,John Klein
571912,Luke Maile
686613,Hunter Brown
553869,Elías Díaz
663536,Tristin English
666181,Will Benson
666157,Nick Lodolo
608566,Germán Márquez
670148,Nate Mondou
694346,Trey Gibson
670097,Zack Short
683770,Will Robertson
656457,Tyler Gilbert
694646,Chayce Mcdermott
650633,Mike King
455117,Martín Maldonado
672695,Geraldo Perdomo
669003,Garrett Mitchell
592332,Kevin Gausman
657041,Lane Thomas
805326,Tyler Schweitzer
645302,Víctor Robles
600869,Jeimer Candelario
682663,Agustín Ramírez
694037,Daniel Palencia
669438,Mason Englert
676724,Jared Young
805779,Jacob Wilson
640462,A. J. Puk
682183,Drew Avans
680570,Grayson Rodriguez
683734,Andrew Vaughn
664728,Kyle Isbel
665155,Nick Maton
701581,David Festa
671286,Johnathan Rodríguez
676070,Jacob Amaya
681351,Logan O'Hoppe
669711,Greg Weissert
657240,Julian Merryweather
669450,Cooper Hummel
695257,Billy Cook
687064,Brandon Young
671162,Connor Thomas
808967,Yoshinobu Yamamoto
687424,Anthony Maldonado
571657,Kyle Farmer
813841,Jonah Cox
595881,Tyler Beede
656794,Sean Newcomb
694350,Zach Brzykcy
666971,Lourdes Gurriel
672640,Otto Lopez
656302,Dylan Cease
669394,Jake Burger
519242,Chris Sale
666931,Jared Oliva
671221,Drew Waters
621383,Tanner Banks
656492,Foster Griffin
641745,Brad Keller
678225,Ji Hwan Bae
663853,Romy Gonzalez
665622,Luis Medina
670623,Isaac Paredes
542963,Rob Brantly
553993,Eugenio Suárez
690291,Jace Jung
673357,Luis Robert
605131,Austin Barnes
553882,Omar Narváez
694378,Jacob Gonzalez
669432,Trevor Rogers
672335,Cionel Pérez
665052,Griffin Conine
664076,Garrett Cleavinger
676664,Jp Sears
660644,Vidal Bruján
663330,Jahmai Jones
656464,Kevin Ginkel
666018,Jonathan Aranda
696147,Sam Bachman
678495,Randy Rodríguez
679883,Luinder Avila
668709,Jj Bleday
681870,Erik Sabrowski
656550,Grant Holmes
601713,Nick Pivetta
681198,Tj Rumfield
621020,Dansby Swanson
681082,Bryson Stott
686539,Declan Cronin
676106,Emerson Hancock
680728,Adrian Del Castillo
665625,Elvis Peguero
671218,Heliot Ramos
801403,Chase Dollander
675916,James Karinchak
614179,José Ruiz
547180,Bryce Harper
672960,Kazuma Okamoto
679358,Eric Orze
621016,José Cuas
683568,Jairo Iriarte
663494,Bryan Torres
696135,Kahlil Watson
642715,Willy Adames
592454,Tommy Kahnle
605113,Nick Ahmed
696070,Kendry Rojas
663804,Jackson Kowar
596115,Trevor Story
647304,Josh Naylor
702070,Noah Cameron
543056,Danny Coulombe
445276,Kenley Jansen
595879,Javier Báez
669169,Jonathan Heasley
596146,Max Kepler
572138,Jon Singleton
678877,Jhonkensy Noel
676755,Isaac Mattson
683021,Michael Stefanic
656756,Jordan Montgomery
671739,Michael Harris
645261,Sandy Alcántara
800049,Adam Mazur
691185,Maximo Acosta
663698,Joey Bart
691777,Max Muncy
691723,Coby Mayo
592192,Mark Canha
694462,Hurston Waldrep
592826,Vince Velasquez
665665,Reiver Sanmartin
680689,Lyon Richardson
677020,Josh Walker
669854,Ronel Blanco
683737,Michael Busch
691788,Joe Mack
642152,Lou Trivino
686218,Emmet Sheehan
641540,Dane Dunning
664023,Ian Happ
664991,Grant Wolfram
592626,Joc Pederson
660670,Ronald Acuña
681517,Kyle Leahy
665750,Leody Taveras
681347,Mike Burrows
669276,Dylan Lee
665877,José Fermín
608671,Travis Jankowski
694335,Matt Svanson
680862,Willie Maciver
700242,Trey Sweeney
678020,Seth Halvorsen
676946,Matthew Batten
681987,Nate Eaton
677347,Kyren Paris
596103,Austin Slater
640451,Hunter Harvey
605244,Aramis Garcia
623168,Tyler Heineman
672710,Roansy Contreras
666165,Blake Sabol
669084,Dl Hall
682997,Tyler Callihan
657571,Caleb Ferguson
643396,Isiah Kiner-Falefa
554430,Zack Wheeler
669087,Sam Huff
456781,Donovan Solano
641856,Billy Mckinney
670062,Julian Garcia
674370,Osvaldo Bido
595978,Austin Hedges
669684,Chris Murphy
695049,Brett Kerry
669461,Matthew Liberatore
608360,Chris Okey
656896,Emmanuel Rivera
688158,David Morgan
663697,Jonathan India
677956,Rece Hinds
543037,Gerrit Cole
656537,Derek Hill
682641,Luis Matos
699044,Miguel Ullola
623437,Justin Topa
671382,Cameron Foster
656354,Austin Davis
691725,Andrew Painter
687952,Christian Encarnacion-Strand
548384,Brooks Raley
672820,Lenyn Sosa
455119,Chris Martin
656716,Zach Mckinstry
605204,J. D. Davis
676812,Carson Mccusker
666808,Camilo Doval
678011,Anthony Seigler
668227,Randy Arozarena
666915,Bobby Dalbec
701719,Tyler Samaniego
686790,Trevor Mcdonald
623433,Nick Anderson
669224,Austin Wells
647351,Abraham Toro
672851,Joan Adon
605361,Nick Martini
675989,Cody Bolton
621566,Matt Olson
702795,Ryan Loutos
689958,Andrew Walters
800311,Didier Fuentes
695506,Jac Caglianone
668843,Conner Capel
606192,Teoscar Hernández
668721,Payton Henry
673962,Josh Jung
606466,Ketel Marte
687377,Orlando Ribalta
669398,Gage Workman
592773,Ryne Stanek
608379,Michael Wacha
700842,Eduardo Rivera
669704,Kade Strowd
681882,Colin Selby
660688,Keibert Ruiz
690986,Kyle Harrison
678009,Parker Meadows
694212,Samuel Basallo
458677,Justin Wilson
677954,Jordan Groshans
680742,Jonathan Bowlan
666211,Taylor Trammell
669947,Jesse Scholtens
682608,Peyton Gray
664074,Cody Ponce
621244,José Berríos
676044,Bob Seymour
687515,Colby Thomas
693459,Kyler Fedko
663855,Jordan Hicks
608371,Lucas Sims
674441,Jacob Hurtubise
677060,Chad Stevens
678576,Wilkin Ramos
679032,Johan Rojas
605155,Colten Brewer
664983,Jake Mccarthy
664059,Sam Haggerty
670156,Miles Mastrobuoni
665561,Rafael Marchán
663656,Kyle Tucker
663986,Trevor Stephan
623454,Drew Anderson
681084,Tanner Andrews
643289,Mauricio Dubón
608331,Max Fried
682674,Victor Bericoto
593428,Xander Bogaerts
572143,Burch Smith
671922,Cade Smith
668964,Tobias Myers
664129,Geoff Hartlieb
676962,Ben Brown
681481,Kerry Carpenter
669160,Dustin May
641943,Joshua Palacios
641658,Garrett Hampson
476594,Robert Stock
656186,Dan Altavilla
664199,Taylor Clarke
701542,Will Warren
677008,Heston Kjerstad
678022,Jack Perkins
663662,Daz Cameron
690916,Richard Fitts
683146,Brett Baty
681460,Brooks Baldwin
695611,Gage Jump
669165,Kyle Hurt
687957,Dustin Harris
663609,Luken Baker
807713,Matt Shaw
660825,Eduard Bazardo
682653,Warming Bernabel
686894,Joey Wiemer
699625,Jimmy Crooks
663460,Kris Bubic
692216,Cj Kayfus
661527,Seth Martinez
694728,Brice Matthews
663776,Patrick Sandoval
694918,Blade Tidwell
669257,Will Smith
605488,Jeffrey Springs
605441,Yacksel Ríos
672284,Jarred Kelenic
518489,Ryan Brasier
628451,Andy Ibáñez
661531,Brian Serven
615698,Cal Quantrill
682848,Endy Rodríguez
686780,Pedro Pagés
664774,Lamonte Wade
675627,Michael Grove
657557,Paul Dejong
687830,Sawyer Gipson-Long
663967,César Salazar
665742,Juan Soto
605137,Josh Bell
621529,Joe Hudson
608070,José Ramírez
666171,Ryan Zeferjahn
672456,Keider Montero
624413,Pete Alonso
672841,Carlos Vargas
656582,Connor Joe
605135,Chris Bassitt
450203,Charlie Morton
656248,Sean Bouchard
666659,Sauryn Lao
642133,Rowdy Tellez
673820,Robinson Piña
608650,Dietrich Enns
621493,Taylor Ward
622663,Luis Severino
676551,Brewer Hicklen
683409,Angel Chivilli
641656,Ian Hamilton
680744,Ty Madden
669134,Luis Campusano
663554,Casey Mize
678906,Kai-Wei Teng
542194,Christian Bethancourt
695239,Robby Ahlstrom
684320,Yariel Rodríguez
663796,Coco Montes
686560,Gavin Collyer
547973,Aroldis Chapman
676083,Janson Junk
621114,Ryan Burr
641672,Thomas Hatch
686611,Dylan Crews
679529,Spencer Torkelson
608324,Alex Bregman
676206,Freddy Tarnok
686228,Juan Burgos
605156,Aaron Brooks
602104,Ramón Urías
683083,Nasim Nuñez
668885,Austin Martin
694410,Lujames Groover
694477,Chad Patrick
695505,Chase Burns
666182,Bo Bichette
676092,Collin Snider
622253,Dillon Tate
669899,Ryan Ward
595751,Jorge Alfaro
673995,Davis Wendzel
673490,Ha-Seong Kim
678215,Luarbert Arias
665923,Esteury Ruiz
697812,Joe Rock
677588,José Tena
660821,Jesús Sánchez
592155,Cam Booser
623167,Chris Flexen
686993,Justin Sterner
608334,Carson Fulmer
674285,Eduardo Salazar
687478,Cam Devanney
670059,Colin Holderman
640455,Sean Manaea
663893,Brendon Little
669743,Alex Call
665019,Kody Clemens
645801,Mike Ford
689414,Liam Hicks
606965,Chris Devenski
676742,Cam Sanders
691373,Jhostynxon Garcia
692230,Carlos Rodriguez
687363,Victor Scott
660623,Huascar Ynoa
670970,Adrián Morejón
673929,Jordan Leasure
683232,Nick Mears
700249,Cade Povich
686678,Chase Solesky
681895,Evan Sisk
682847,Luis Ortiz
656427,Jack Flaherty
527038,Wilmer Flores
691251,Andry Lara
687637,Dylan Beavers
682829,Elly De La Cruz
502085,David Robertson
656185,Greg Allen
670712,Mike Brosseau
514888,José Altuve
642528,Jonathan Loáisiga
663562,Noah Davis
680118,Dairon Blanco
701643,Grant Hartwig
805123,Aj Blubaugh
542932,Jon Berti
676428,Brant Hurter
668470,Hagen Danner
669137,Armando Alvarez
663767,Chase Shugart
665862,Jazz Chisholm
663731,Connor Kaiser
641585,J. P. France
670245,Ryan Watson
657424,Matt Gage
621053,Tyler Ferguson
545361,Mike Trout
695001,Alimber Santa
663968,Jake Mangum
457705,Andrew Mccutchen
663546,Sean Hjelle
605141,Mookie Betts
686554,Oliver Dunn
605121,Justin Anderson
686799,Jack Kochanowicz
656458,Lucas Gilbreath
694175,Pedro León
687003,Brian Van Belle
663556,Shane Mcclanahan
656305,Matt Chapman
628317,Kenta Maeda
669397,Nick Allen
695238,Will Wagner
689520,Cody Laweryson
677649,Ezequiel Duran
641312,Shaun Anderson
666129,Braxton Garrett
605242,Michael Fulmer
696149,Bubba Chandler
669211,Keegan Akin
666149,Tyler Fitzgerald
641584,Jake Fraley
607043,Brandon Nimmo
686469,Vinnie Pasquantino
669288,Daniel Johnson
680684,Gunnar Hoglund
668678,Zac Gallen
687597,Jordan Beck
702193,Andrew Morris
804636,Jonah Tong
676974,Max Meyer
676604,Tyler Zuber
606992,Eric Haase
595777,Jurickson Profar
676116,Ryan Noda
687473,Ryan Gusto
687941,Alec Gamboa
663903,Brady Singer
700327,Welinton Herrera
642731,Thairo Estrada
623352,Josh Hader
681293,Spencer Arrighetti
593833,Wander Suero
661403,Emmanuel Clase
518876,Merrill Kelly
685801,Hunter Bigge
663837,Matt Vierling
645305,Ali Sánchez
621008,Alex De Goti
680732,Sean Burke
543859,Michael Tonkin
682622,Noelvi Marte
683003,Jared Jones
684049,Brandan Bidois
682177,Daniel Schneemann
656555,Rhys Hoskins
671213,Triston Casas
676661,Max Lazar
656541,Sam Hilliard
624431,Jose Trevino
669065,Kyle Stowers
457759,Justin Turner
642397,Gregory Soto
656605,Mitch Keller
621028,Kevin Newman
687223,Carson Palmquist
690924,Braxton Fulford
682998,Corbin Carroll
701656,Logan Henderson
671936,Adam Macko
571466,Tucker Barnhart
680977,Brendan Donovan
643377,Griffin Jax
690022,Ryan Ritter
690997,Nolan Mclean
656629,Michael Kopech
690544,Bailey Horn
628708,Yunior Marte
681526,Bryan Lavastida
701398,Sal Stewart
685133,Wade Meckler
685126,Brandon Eisert
664747,Alexis Díaz
687362,Connor Gillispie
702752,Jonathan Pintaro
